prior,ratio_lip_bound_use_mean,ratio_lip_bound_use_upper,ratio_lip_bound_use_lower,speed_up_mean,speed_up_upper,speed_up_lower
1.0,0.0,0.0,0.0,-0.1109879631889269,-1.3137380906393257,1.091762164261472
0.8,0.0,0.0,0.0,-0.10044102644237891,-1.9529865284556946,1.7521044755709367
0.5,0.0,0.0,0.0,-0.10824055619003267,-2.100007217838185,1.8835261054581196
0.2,2.023367991073011,1.615768781397862,2.43096720074816,-0.4879929853429596,-2.3827951308062403,1.4068091601203212
0.0,100.0,100.0,100.0,-0.6431669036980932,-2.188517019924169,0.9021832125279827
