episode_number,average_discounted_return,average_discounted_return_lo,average_discounted_return_up
0,0.0,0.0,0.0
1,0.0012325173524790356,-0.014428100469324833,0.016893135174282904
2,0.0,0.0,0.0
3,0.0,0.0,0.0
4,0.039908211517462724,-0.46653863910851767,0.5463550621434431
