task_number,average_discounted_return,average_discounted_return_lo,average_discounted_return_up
0,0.00018656438420612558,-0.000229773130388857,0.0006029018988011082
1,0.08618479718149018,-0.15278563398231287,0.3251552283452932
