task_number,average_discounted_return,average_discounted_return_lo,average_discounted_return_up
0,9.995991610578612e-06,-1.775733036821064e-05,3.774931358936786e-05
1,0.016446295556366126,-0.02752491102983154,0.06041750214256379
