prior,ratio_lip_bound_use_mean,ratio_lip_bound_use_upper,ratio_lip_bound_use_lower,speed_up_mean,speed_up_upper,speed_up_lower
1.0,32.446082717383526,30.748610938450103,34.143554496316945,0.042285576705462624,-0.5251474937573826,0.6097186471683078
0.8,55.10792758935999,46.332273093250066,63.88358208546991,-0.2312642466828069,-0.5465596032850818,0.08403110991946802
0.5,73.48448295934413,70.08487512758296,76.88409079110531,-0.2790480999564501,-0.7014334415812021,0.14333724166830197
0.2,88.51565600327257,87.65617844154141,89.37513356500372,0.5027020233756441,0.2706582854694939,0.7347457612817943
0.0,100.0,100.0,100.0,55.31552949638872,43.76277692612751,66.86828206664993
